compound_id,target_id,assay_id,qualifier,value_std,unit_std,year,qc_pass,provenance_file,provenance_sheet,provenance_row,smiles_raw
Example 8,usp1,usp1.enzyme.ic50,>,0.2,uM,2020,True,data/bronze/artifacts/2020_raw.xlsx,Table 2 ~ 4,3,COC1=C(C2=NC=C3/C=N\N(CC4=CC=C(C5=NC(C(F)(F)F)=CN5C)C=C4)C3=N2)C=CN=C1
,usp1,usp1.enzyme.ic50,<,0.2,uM,2020,True,data/bronze/artifacts/2020_raw.xlsx,Table 2 ~ 4,4,CN1C=C(C(F)(F)F)N=C1C1=CC=C(CN2N=CC3=C2/N=C(C2=C(S(C)(=O)=O)C=CC=C2)\N=C/3)C=C1
,usp1,usp1.enzyme.ic50,<,0.2,uM,2020,True,data/bronze/artifacts/2020_raw.xlsx,Table 2 ~ 4,5,CC1=CC=CC(S(C)(=O)=O)=C1C1=NC2=C(C=N1)/C=N\N2CC1=CC=C(C2=NC(C(F)(F)F)=CN2C)C=C1
,usp1,usp1.enzyme.ic50,<,0.2,uM,2020,True,data/bronze/artifacts/2020_raw.xlsx,Table 2 ~ 4,6,CCS(=O)(=O)C1=C(C2=N/C3=C(C=NN3CC3=CC=C(C4=NC(C(F)(F)F)=CN4C)C=C3)/C=N\2)C=CC=C1
,usp1,usp1.enzyme.ic50,<,0.1,uM,2020,True,data/bronze/artifacts/2020_raw.xlsx,Table 2 ~ 4,7,CC1=CC(C(F)F)=NN1C1=CC=C(CN2N=CC3=C\N=C(C4=C(C(C)C)N=CC=C4)/N=C\32)C=C1
Example 6,usp1,usp1.enzyme.ic50,<,0.1,uM,2020,True,data/bronze/artifacts/2020_raw.xlsx,Table 2 ~ 4,8,COC1=C(C2=NC=C3/C=N\N(CC4=CC=C(C5=NC(C(F)(F)F)=CN5C)C=C4)C3=N2)C(C)=CC=N1
,usp1,usp1.enzyme.ic50,<,0.1,uM,2020,True,data/bronze/artifacts/2020_raw.xlsx,Table 2 ~ 4,9,COC1=C(C2=NC=C3/C=N\N(CC4=CC=C(C5=NC(C(F)(F)F)=CN5C)C=C4)C3=N2)C(C)=NC=N1
,usp1,usp1.enzyme.ic50,<,0.1,uM,2020,True,data/bronze/artifacts/2020_raw.xlsx,Table 2 ~ 4,10,CC1=CC(C(F)(F)F)=NN1C1=CC=C(CN2N=CC3=C/N=C(C4=C(C(C)C)N=CC=C4)\N=C\32)C=C1
Example 4,usp1,usp1.enzyme.ic50,<,0.1,uM,2020,True,data/bronze/artifacts/2020_raw.xlsx,Table 2 ~ 4,11,COC1=CC=CC(OC)=C1C1=NC=C2/C=N\N(CC3=CC=C(C4=NC(C(F)(F)F)=CN4C)C=C3)C2=N1
Example 2,usp1,usp1.enzyme.ic50,<,0.1,uM,2020,True,data/bronze/artifacts/2020_raw.xlsx,Table 2 ~ 4,12,COC1=C(C2=NC=C3/C=N\N(CC4=CC=C(C5=NC(C(F)(F)F)=CN5C)C=C4)C3=N2)C=CC=C1
,usp1,usp1.enzyme.ic50,<,0.1,uM,2020,True,data/bronze/artifacts/2020_raw.xlsx,Table 2 ~ 4,13,CC1=CC(C(F)(F)F)=NN1C1=CC=C(CN2/N=C\C3=CN=C(C4=C(C(C)C)C=CC=C4)N=C32)C=C1
,usp1,usp1.enzyme.ic50,<,0.1,uM,2020,True,data/bronze/artifacts/2020_raw.xlsx,Table 2 ~ 4,14,COC1=C(C2=N/C=C3/C=NN(CC4=CC=C(C5=NC(C(F)(F)F)=CN5C)C=C4)/C3=N\2)C(C)=CC=C1
,usp1,usp1.enzyme.ic50,<,0.1,uM,2020,True,data/bronze/artifacts/2020_raw.xlsx,Table 2 ~ 4,15,COC1=C(C2=NC=C3/C=N\N(CC4=CC=C(C5=NC(C(F)(F)F)=CN5C)C=C4)C3=N2)C(C#N)=CC=N1
,usp1,usp1.enzyme.ic50,<,0.1,uM,2020,True,data/bronze/artifacts/2020_raw.xlsx,Table 2 ~ 4,16,CC(C)C1=C(C2=NC=C3N=CN(CC4=CC=C(C5=NC(C(F)(F)F)=CN5C)C=C4)C3=N2)C=CC=C1
Example 12,usp1,usp1.enzyme.ic50,<,0.1,uM,2020,True,data/bronze/artifacts/2020_raw.xlsx,Table 2 ~ 4,17,COC1=C(C2=N/C=C3\C=NN(CC4=CC=C(C5=NC(C(F)(F)F)=CN5C)C=C4)\C3=N\2)C(C2CC2)=NC=N1
Example 9,usp1,usp1.enzyme.ic50,<,0.1,uM,2020,True,data/bronze/artifacts/2020_raw.xlsx,Table 2 ~ 4,18,CC(C)C1=C(C2=N/C=C3/C=NN(CC4=CC=C(C5=NC(C(F)(F)F)=CN5C)C=C4)/C3=N\2)C=CC=N1
,usp1,usp1.enzyme.ic50,<,0.1,uM,2020,True,data/bronze/artifacts/2020_raw.xlsx,Table 2 ~ 4,19,CSC1=C(C2=NC3=C(C=N2)/C=N\N3CC2=CC=C(C3=NC(C(F)(F)F)=CN3C)C=C2)C(C)=CC=C1
,usp1,usp1.enzyme.ic50,<,0.01,uM,2020,True,data/bronze/artifacts/2020_raw.xlsx,Table 2 ~ 4,20,COC1=C(C2=N/C=C3/C=NN(CC4=CC=C(N5N=C(C(F)(F)F)C=C5C)C=C4)/C3=N\2)C(C2CC2)=NC=N1
Example 11,usp1,usp1.enzyme.ic50,<,0.01,uM,2020,True,data/bronze/artifacts/2020_raw.xlsx,Table 2 ~ 4,21,COC1=C(C2=N/C=C3\C=NN(CC4=CC=C(C5=NC(C(F)(F)F)=CN5C)C=C4)\C3=N\2)C(C2CC2)=CC=C1
,usp1,usp1.enzyme.ic50,<,0.01,uM,2020,True,data/bronze/artifacts/2020_raw.xlsx,Table 2 ~ 4,22,CC(C)C1=C(C2=NC=C3/C=N\N(CC4=CC=C(C5=NC(C(F)(F)F)=CN5C5CN(C)C5)C=C4)C3=N2)C=CC=C1
,usp1,usp1.enzyme.ic50,<,0.01,uM,2020,True,data/bronze/artifacts/2020_raw.xlsx,Table 2 ~ 4,23,CC(C)C1=C(C2=NC=C3/C=N\N(C(C)C4=CC=C(C5=NC(C(F)(F)F)=CN5C)C=C4)C3=N2)C=CC=C1
,usp1,usp1.enzyme.ic50,<,0.01,uM,2020,True,data/bronze/artifacts/2020_raw.xlsx,Table 2 ~ 4,24,CC1=C2/C=N\N(CC3=CC=C(C4=NC(C(F)(F)F)=CN4C)C=C3)C2=NC(C2=C(C(C)C)C=CC=C2)=N1
,usp1,usp1.enzyme.ic50,<,0.01,uM,2020,True,data/bronze/artifacts/2020_raw.xlsx,Table 2 ~ 4,25,CC(C)C1=C(F)C=CC=C1C1=N/C2=C(C=NN2CC2=CC=C(C3=NC(C(F)(F)F)=CN3C)C=C2)/C=N\1
Example 25,usp1,usp1.enzyme.ic50,<,0.01,uM,2020,True,data/bronze/artifacts/2020_raw.xlsx,Table 2 ~ 4,26,CC1=NN(CC2=CC=C(C3=NC(C(F)(F)F)=CN3C)C=C2)/C2=N\C(C3=C(C(C)C)C=CC=C3)=N/C=C\12
Example 1,usp1,usp1.enzyme.ic50,<,0.01,uM,2020,True,data/bronze/artifacts/2020_raw.xlsx,Table 2 ~ 4,27,CC(C)C1=C(C2=NC=C3/C=N\N(CC4=CC=C(C5=NC(C(F)(F)F)=CN5C)C=C4)C3=N2)C=CC=C1
,usp1,usp1.enzyme.ic50,,,uM,2020,True,data/bronze/artifacts/2020_raw.xlsx,Table 2 ~ 4,28,nan
,usp1,usp1.enzyme.ic50,,,uM,2020,True,data/bronze/artifacts/2020_raw.xlsx,Table 2 ~ 4,29,SMILES
Example 61,usp1,usp1.enzyme.ic50,<,0.01,uM,2020,True,data/bronze/artifacts/2020_raw.xlsx,Table 2 ~ 4,30,CCN1C=C(C(F)(F)F)N=C1C1=CC=C(CN2/N=C\C3=CN=C(C4=C(OC(F)F)N=CN=C4C4CC4)N=C32)C=C1
Example 144,usp1,usp1.enzyme.ic50,<,0.01,uM,2020,True,data/bronze/artifacts/2020_raw.xlsx,Table 2 ~ 4,31,COC1=C(C2=N/C=C3\C=NN(CC4=CC=C(C5=NC(C(F)(F)F)=CN5C5CCC5)C=C4)\C3=N\2)C(C2CC2)=NC=N1
,usp1,usp1.enzyme.ic50,<,0.01,uM,2020,True,data/bronze/artifacts/2020_raw.xlsx,Table 2 ~ 4,32,CCOC1=NC=NC(OCC)=C1C1=NC=C2/C=N\N(CC3=CC=C(C4=NC(C(F)(F)F)=CN4CC)C=C3)C2=N1
,usp1,usp1.enzyme.ic50,<,0.01,uM,2020,True,data/bronze/artifacts/2020_raw.xlsx,Table 2 ~ 4,33,CC1=CC(C(F)(F)F)=NN1C1=CC=C(CN2/N=C\C3=CN=C(C4=C(C)C=NN4C(C)C)N=C32)C=C1
,usp1,usp1.enzyme.ic50,<,0.01,uM,2020,True,data/bronze/artifacts/2020_raw.xlsx,Table 2 ~ 4,34,CCOC1=CC(C(F)(F)F)=NN1C1=CC=C(CN2N=CC3=C\N=C(C4=C(OC)N=CN=C4C4CC4)/N=C\32)C=C1
,usp1,usp1.enzyme.ic50,<,0.1,uM,2020,True,data/bronze/artifacts/2020_raw.xlsx,Table 2 ~ 4,35,COC1=C(C2=N/C=C3\C=NN(CC4=CC=C(C5=CN(C)C(C(F)(F)F)=N5)C=C4)\C3=N\2)C(C2CC2)=NC=N1
Example 37,usp1,usp1.enzyme.ic50,<,0.1,uM,2020,True,data/bronze/artifacts/2020_raw.xlsx,Table 2 ~ 4,36,COC1=CC(C(F)(F)F)=NN1C1=CC=C(CN2N=CC3=C\N=C(C4=C(OC)N=CN=C4C4CC4)/N=C\32)C=C1
Example 51,usp1,usp1.enzyme.ic50,<,0.1,uM,2020,True,data/bronze/artifacts/2020_raw.xlsx,Table 2 ~ 4,37,CCN1C=C(C(F)(F)F)N=C1C1=CC=C(CN2N=CC3=C\N=C(C4=C(OC)N=CN=C4C4CC4)/N=C\32)C=C1
,usp1,usp1.enzyme.ic50,<,0.1,uM,2020,True,data/bronze/artifacts/2020_raw.xlsx,Table 2 ~ 4,38,COC1=C(C2=N/C=C3/C=NN(CC4=CC=C(C5=NC(C(F)(F)F)=CN5C5CC5)C=C4)/C3=N\2)C(C2CC2)=NC=N1
Example 59,usp1,usp1.enzyme.ic50,<,0.1,uM,2020,True,data/bronze/artifacts/2020_raw.xlsx,Table 2 ~ 4,39,CCN1C=C(C(F)(F)F)N=C1C1=CC=C(CN2N=CC3=C\N=C(C4=C(OC(C)(C)C)N=CN=C4C4CC4)/N=C\32)C=C1
,usp1,usp1.enzyme.ic50,<,0.1,uM,2020,True,data/bronze/artifacts/2020_raw.xlsx,Table 2 ~ 4,40,CCN1C=C(C(F)(F)F)N=C1C1=CC=C(CN2/N=C\C3=CN=C(C4=C(OCCF)N=CN=C4C4CC4)N=C32)C=C1
,usp1,usp1.enzyme.ic50,<,0.1,uM,2020,True,data/bronze/artifacts/2020_raw.xlsx,Table 2 ~ 4,41,CCN1C=C(C(F)(F)F)N=C1C1=CC=C([C@@H](C)N2N=CC3=C/N=C(C4=C(OC)N=CN=C4C4CCC4)\N=C\32)C=C1
,usp1,usp1.enzyme.ic50,<,0.1,uM,2020,True,data/bronze/artifacts/2020_raw.xlsx,Table 2 ~ 4,42,COC1=C(C2=N/C=C3/C=NN([C@@H](C)C4=CC=C(C5=NC(C(F)(F)F)=CN5C)C=C4)/C3=N\2)C(C2CC2)=NC=N1
,usp1,usp1.enzyme.ic50,<,0.1,uM,2020,True,data/bronze/artifacts/2020_raw.xlsx,Table 2 ~ 4,43,N1(C2C(C=N1)=CN=C(C1C(C3CC3)=NC=NC=1OC(*)(*)*)N=2)CC1=CC=C(C2N(C=C(C(F)(F)F)N=2)CC)C=C1
,usp1,usp1.enzyme.ic50,<,0.1,uM,2020,True,data/bronze/artifacts/2020_raw.xlsx,Table 2 ~ 4,44,COC1=C(C2=N/C=C3\C=NN(CC4=CC=C(C5=NC(C(F)(F)F)=CN5C(C)C)C=C4)\C3=N\2)C(C2CC2)=NC=N1
,usp1,usp1.enzyme.ic50,<,0.1,uM,2020,True,data/bronze/artifacts/2020_raw.xlsx,Table 2 ~ 4,45,COC1=C(C2=N/C=C3/C=NN(CC4=CC=C(C5=NC(C(F)(F)F)=CN5C)C(F)=C4)/C3=N\2)C(C2CC2)=NC=N1
,usp1,usp1.enzyme.ic50,<,0.1,uM,2020,True,data/bronze/artifacts/2020_raw.xlsx,Table 2 ~ 4,46,CCN1C=C(C(F)(F)F)N=C1C1=CC=C([C@@H](C)N2N=CC3=C\N=C(C4=C(OC)N=CN=C4C4CC4)/N=C\32)C=C1
,usp1,usp1.enzyme.ic50,<,0.1,uM,2020,True,data/bronze/artifacts/2020_raw.xlsx,Table 2 ~ 4,47,CCN1C=C(C(F)(F)F)N=C1C1=CC=C([C@H](C)N2N=CC3=C\N=C(C4=C(OC)N=CN=C4C4CCC4)/N=C\32)C=C1
Example 15,usp1,usp1.enzyme.ic50,<,0.1,uM,2020,True,data/bronze/artifacts/2020_raw.xlsx,Table 2 ~ 4,48,COC1=C(C2=N/C=C3\C=NN(CC4=CC=C(C5=NC(C(F)(F)F)=CN5C)C=C4)\C3=N\2)C(C2CCC2)=NC=N1
Example 63,usp1,usp1.enzyme.ic50,<,0.1,uM,2020,True,data/bronze/artifacts/2020_raw.xlsx,Table 2 ~ 4,49,CCN1C=C(C(F)(F)F)N=C1C1=CC=C(CN2N=CC3=C\N=C(C4=C(OC5CC5)N=CN=C4C4CC4)/N=C\32)C=C1
,usp1,usp1.enzyme.ic50,<,0.1,uM,2020,True,data/bronze/artifacts/2020_raw.xlsx,Table 2 ~ 4,50,CCN1C=C(C(F)(F)F)N=C1C1=CC=C([C@H](C)N2N=CC3=C/N=C(C4=C(OC)N=CN=C4C4CC4)\N=C\32)C=C1
Example 64,usp1,usp1.enzyme.ic50,<,0.1,uM,2020,True,data/bronze/artifacts/2020_raw.xlsx,Table 2 ~ 4,51,CCN1C=C(C(F)(F)F)N=C1C1=CC=C(CN2N=CC3=C\N=C(C4=C(OC5CCC5)N=CN=C4C4CC4)/N=C\32)C=C1
,usp1,usp1.enzyme.ic50,<,0.1,uM,2020,True,data/bronze/artifacts/2020_raw.xlsx,Table 2 ~ 4,52,[2H]C([2H])([2H])N1C=C(C(F)(F)F)N=C1C1=CC=C(CN2N=CC3=C/N=C(C4=C(OC)N=CN=C4C4CC4)\N=C\32)C=C1
,usp1,usp1.enzyme.ic50,<,0.1,uM,2020,True,data/bronze/artifacts/2020_raw.xlsx,Table 2 ~ 4,53,CN1C=C(C(F)(F)F)N=C1C1=CC=C(CN2N=CC3=C/N=C(C4=C(C#N)N=CN=C4C4CC4)/N=C\32)C=C1
Example 87,usp1,usp1.enzyme.ic50,<,0.1,uM,2020,True,data/bronze/artifacts/2020_raw.xlsx,Table 2 ~ 4,54,CCN1C=C(C(F)(F)F)N=C1C1=CC=C(CN2/N=C\C3=CN=C(C4=C(OC)N=CN=C4OC)N=C32)C=C1
Example 40,usp1,usp1.enzyme.ic50,<,0.1,uM,2020,True,data/bronze/artifacts/2020_raw.xlsx,Table 2 ~ 4,55,CC(C)OC1=C(C2=N/C=C3\C=NN(CC4=CC=C(C5=NC(C(F)(F)F)=CN5C)C=C4)\C3=N\2)C(C2CC2)=NC=N1
,usp1,usp1.enzyme.ic50,<,0.1,uM,2020,True,data/bronze/artifacts/2020_raw.xlsx,Table 2 ~ 4,56,COC1=C(C2=N/C=C3/C=NN(CC4=CC=C(C5=NC(C(F)(F)F)=CN5C)C=C4)/C3=N\2)C(C(C)(C)C)=NC=N1
,usp1,usp1.enzyme.ic50,<,0.1,uM,2020,True,data/bronze/artifacts/2020_raw.xlsx,Table 2 ~ 4,57,COC1=C(C2=N/C=C3/C=NN(CC4=C(F)C=C(C5=NC(C(F)(F)F)=CN5C)C=C4)/C3=N\2)C(C2CC2)=NC=N1
Example 93,usp1,usp1.enzyme.ic50,<,0.1,uM,2020,True,data/bronze/artifacts/2020_raw.xlsx,Table 2 ~ 4,58,COC1=C(C2=N/C=C3/C=NN([C@H](C)C4=CC=C(C5=NC(C(F)(F)F)=CN5C)C=C4)/C3=N\2)C(C2CC2)=NC=N1
Example 133,usp1,usp1.enzyme.ic50,<,0.1,uM,2020,True,data/bronze/artifacts/2020_raw.xlsx,Table 2 ~ 4,59,COC1=C(C2=N/C=C3\C=NN(CC4=CC=C(C5=NC(C(F)(F)F)=CN5C)C=C4)\C3=N\2)C(C2CC2)=NC(C)=N1
,usp1,usp1.enzyme.ic50,<,0.1,uM,2020,True,data/bronze/artifacts/2020_raw.xlsx,Table 2 ~ 4,60,CCN1C=C(C(F)(F)F)N=C1C1=CC=C(CN2/N=C\C3=CN=C(C4=C(OC)C=NN4C4CC4)N=C32)C=C1
,usp1,usp1.enzyme.ic50,<,0.1,uM,2020,True,data/bronze/artifacts/2020_raw.xlsx,Table 2 ~ 4,61,COC1=C(C2=N/C=C3\C=NN(CC4=CC=C(N5N=C(C(F)F)C=C5C)C=C4)\C3=N\2)C(C2CC2)=NC=N1
,usp1,usp1.enzyme.ic50,<,0.1,uM,2020,True,data/bronze/artifacts/2020_raw.xlsx,Table 2 ~ 4,62,CCOC1=C(C2=N/C=C3/C=NN(CC4=CC=C(C5=NC(C(F)(F)F)=CN5C)C=C4)/C3=N\2)C(C2CC2)=NC=N1
,usp1,usp1.enzyme.ic50,<,0.1,uM,2020,True,data/bronze/artifacts/2020_raw.xlsx,Table 2 ~ 4,63,COC1=C(C2=N/C=C3/C=NN(CC4=CC=C(C5=NC(C(F)(F)F)=CN5CCF)C=C4)/C3=N\2)C(C2CC2)=NC=N1
,usp1,usp1.enzyme.ic50,<,0.1,uM,2020,True,data/bronze/artifacts/2020_raw.xlsx,Table 2 ~ 4,64,COC1=C(C2=N/C=C3/C=NN(CC4=CC=C(C5=NC(C(F)(F)F)=CN5)C=C4)/C3=N\2)C(C2CC2)=NC=N1
,usp1,usp1.enzyme.ic50,<,0.1,uM,2020,True,data/bronze/artifacts/2020_raw.xlsx,Table 2 ~ 4,65,COC1=NC=NC(OC)=C1C1=NC=C2/C=N\N(CC3=CC=C(C4=NC(C(F)(F)F)=CN4C)C=C3)C2=N1
,usp1,usp1.enzyme.ic50,<,0.1,uM,2020,True,data/bronze/artifacts/2020_raw.xlsx,Table 2 ~ 4,66,CCN1C=C(C(F)(F)F)N=C1C1=NC=C(CN2N=CC3=C\N=C(C4=C(OC)N=CN=C4C4CC4)/N=C\32)C=C1
,usp1,usp1.enzyme.ic50,<,0.1,uM,2020,True,data/bronze/artifacts/2020_raw.xlsx,Table 2 ~ 4,67,COC1=CC(C(F)(F)F)=NN1C1=NC=C(CN2N=CC3=C\N=C(C4=C(OC)N=CN=C4C4CC4)/N=C\32)C=C1
Example 104,usp1,usp1.enzyme.ic50,<,0.1,uM,2020,True,data/bronze/artifacts/2020_raw.xlsx,Table 2 ~ 4,68,COC1=C(C2=N/C=C3\C=NN(CC4=CC=C(C5=NC(C(F)(F)F)=CN5C)C=C4)\C3=N\2)C(C2(C)CC2)=NC=N1
,usp1,usp1.enzyme.ic50,<,0.1,uM,2020,True,data/bronze/artifacts/2020_raw.xlsx,Table 2 ~ 4,69,COC1=C(C2=N/C=C3/C=NN(CC4=CC=C(C5=NC(C(F)(F)F)=CN5C5COC5)C=C4)/C3=N\2)C(C2CC2)=NC=N1
,usp1,usp1.enzyme.ic50,<,0.1,uM,2020,True,data/bronze/artifacts/2020_raw.xlsx,Table 2 ~ 4,70,CCN1C=C(C(F)(F)F)N=C1C1=CC=C(CN2N=CC3=C\N=C(C4=C(C5CC5)C=NN4CC)/N=C\32)C=C1
,usp1,usp1.enzyme.ic50,<,0.1,uM,2020,True,data/bronze/artifacts/2020_raw.xlsx,Table 2 ~ 4,71,COC1=C(C2=NC=C3/C=N\N(CC4=CC=C(C5=NC(C(F)(F)F)=CN5C)C=C4)C3=N2)C(C(C)(C)F)=NC=N1
,usp1,usp1.enzyme.ic50,<,0.1,uM,2020,True,data/bronze/artifacts/2020_raw.xlsx,Table 2 ~ 4,72,COC1=C(C2=N/C=C3\C=NN(CC4=CC=C(/C5=N/C(C(F)(F)F)=C6/CNCCN56)C=C4)\C3=N\2)C(C2CC2)=NC=N1
,usp1,usp1.enzyme.ic50,<,0.1,uM,2020,True,data/bronze/artifacts/2020_raw.xlsx,Table 2 ~ 4,73,COC1=NC=NC(C2CC2)=C1C1=N/C2=C(C=NN2CC2=CC=C(N3N=C(C#N)C=C3C)C=C2)/C=N\1
,usp1,usp1.enzyme.ic50,<,0.1,uM,2020,True,data/bronze/artifacts/2020_raw.xlsx,Table 2 ~ 4,74,COC1=C(C2=N/C=C3/C=NN(CC4=CC=C(C5=NC(C(F)(F)F)=CN5C5CN(C)C5)C=C4)/C3=N\2)C(C2CC2)=NC=N1
Example 45,usp1,usp1.enzyme.ic50,<,0.1,uM,2020,True,data/bronze/artifacts/2020_raw.xlsx,Table 2 ~ 4,75,CC1=CC(C(F)(F)F)=NN1C1=CC=C(CN2N=CC3=C\N=C(C4=C(C(C)C)N=CN=C4C)/N=C\32)C=C1
,usp1,usp1.enzyme.ic50,<,0.1,uM,2020,True,data/bronze/artifacts/2020_raw.xlsx,Table 2 ~ 4,76,CNC1=C(C2=N/C=C3\C=NN(CC4=CC=C(C5=NC(C(F)(F)F)=CN5C)C=C4)\C3=N\2)C(C2CC2)=NC=N1
,usp1,usp1.enzyme.ic50,<,0.1,uM,2020,True,data/bronze/artifacts/2020_raw.xlsx,Table 2 ~ 4,77,COC1=C(C2=N/C=C3/C=NN(CC4=CC=C(C5=NN(C)C(C(F)(F)F)=N5)C=C4)/C3=N\2)C(C2CC2)=NC=N1
,usp1,usp1.enzyme.ic50,<,0.1,uM,2020,True,data/bronze/artifacts/2020_raw.xlsx,Table 2 ~ 4,78,CSC1=NC=NC(C)=C1C1=N/C2=C(C=NN2CC2=CC=C(N3N=C(C(F)(F)F)C=C3C)C=C2)/C=N\1
,usp1,usp1.enzyme.ic50,<,0.2,uM,2020,True,data/bronze/artifacts/2020_raw.xlsx,Table 2 ~ 4,79,COC1=CC(C(F)(F)F)=NN1C1=CC=C(CN2/N=C\C3=CN=C(C4=C(OC)N=CN=C4C)N=C32)C=C1
,usp1,usp1.enzyme.ic50,<,0.2,uM,2020,True,data/bronze/artifacts/2020_raw.xlsx,Table 2 ~ 4,80,COCCOC1=C(C2=N\C=C3\C=NN(CC4=CC=C(N5N=C(C(F)(F)F)C=C5C)C=C4)\C3=N\2)C(C2CC2)=NC=N1
,usp1,usp1.enzyme.ic50,<,0.2,uM,2020,True,data/bronze/artifacts/2020_raw.xlsx,Table 2 ~ 4,81,CN1C=C(C(F)(F)F)N=C1C1=CC=C(CN2N=CC3=C/N=C(C4=C(OC5CCOC5)N=CN=C4C4CC4)/N=C\32)C=C1
,usp1,usp1.enzyme.ic50,<,0.2,uM,2020,True,data/bronze/artifacts/2020_raw.xlsx,Table 2 ~ 4,82,CCN1C=C(C(F)(F)F)N=C1C1=CC=C(CN2N=CC3=C\N=C(C4=C(OCC5=CC=CC=C5)N=CN=C4C4CC4)/N=C\32)C=C1
Example 48,usp1,usp1.enzyme.ic50,<,0.2,uM,2020,True,data/bronze/artifacts/2020_raw.xlsx,Table 2 ~ 4,83,COC1=C(C2=NC=C3/C=N\N(CC4=CC=C(N5N=C(C(F)(F)F)C=C5C)C=C4)C3=N2)C(C)=NC=N1
Example 55,usp1,usp1.enzyme.ic50,>,0.2,uM,2020,True,data/bronze/artifacts/2020_raw.xlsx,Table 2 ~ 4,84,COC1=C(C2=N/C=C3\C=NN(CC4=CC=C(C5=NC(C(F)F)=NN5C)C=C4)\C3=N\2)C(C2CC2)=NC=N1
,usp1,usp1.enzyme.ic50,>,0.2,uM,2020,True,data/bronze/artifacts/2020_raw.xlsx,Table 2 ~ 4,85,CN1C=C(C(F)(F)F)N=C1C1=CC=C(CN2N=CC3=C/N=C(C4=C(OCC5=CC=CC=C5)N=CN=C4C4CC4)\N=C\32)C=C1
,usp1,usp1.enzyme.ic50,>,0.2,uM,2020,True,data/bronze/artifacts/2020_raw.xlsx,Table 2 ~ 4,86,COCCOC1=C(C2=N/C=C3\C=NN(CC4=CC=C(C5=NC(C(F)(F)F)=CN5C)C=C4)\C3=N\2)C(C2CC2)=NC=N1
,usp1,usp1.enzyme.ic50,>,0.2,uM,2020,True,data/bronze/artifacts/2020_raw.xlsx,Table 2 ~ 4,87,COC1=NC=NC(C2CC2)=C1C1=NC2=C(C=N1)/C=N\N2CC1=CC=C(C2=NN(C)C(OC)=N2)C=C1
Example 47,usp1,usp1.enzyme.ic50,>,0.2,uM,2020,True,data/bronze/artifacts/2020_raw.xlsx,Table 2 ~ 4,88,COCCOC1=C(C2=NC=C3/C=N\N(CC4=CC=C(N5N=C(C(F)(F)F)C=C5C)C=C4)C3=N2)C(C)=NC=N1
,usp1,usp1.enzyme.ic50,>,0.2,uM,2020,True,data/bronze/artifacts/2020_raw.xlsx,Table 2 ~ 4,89,COC1=C(C2=NC=C3/C=N\N(CC4=CC=C(C5=NC(C(F)(F)F)=CN5CC(=O)N(C)C)C=C4)C3=N2)C(C2CC2)=NC=N1
,usp1,usp1.enzyme.ic50,>,0.2,uM,2020,True,data/bronze/artifacts/2020_raw.xlsx,Table 2 ~ 4,90,CN(C)C1=C(C2=N/C=C3\C=NN(CC4=CC=C(C5=NC(C(F)(F)F)=CN5C)C=C4)\C3=N\2)C(C2CC2)=NC=N1
,usp1,usp1.enzyme.ic50,>,0.2,uM,2020,True,data/bronze/artifacts/2020_raw.xlsx,Table 2 ~ 4,91,COC1=C(C2=NC=C3/C=N\N(CC4=CC=C(C5=NN(C)C(C(F)F)=N5)C=C4)C3=N2)C(C2CC2)=NC=N1
,usp1,usp1.enzyme.ic50,>,0.2,uM,2020,True,data/bronze/artifacts/2020_raw.xlsx,Table 2 ~ 4,92,COC1=NC(OC)=C(C2=NC=C3/C=N\N(CC4=CC=C(C5=NC(C(F)(F)F)=CN5C)C=C4)C3=N2)C(C)=N1
Example 157,usp1,usp1.enzyme.ic50,>,0.2,uM,2020,True,data/bronze/artifacts/2020_raw.xlsx,Table 2 ~ 4,93,CN1C=C(C(F)(F)F)N=C1C1=CC=C(CN2N=CC3=C\N=C(C4=C(N5CCCC5)N=CN=C4C4CC4)/N=C\32)C=C1
,usp1,usp1.enzyme.ic50,>,0.2,uM,2020,True,data/bronze/artifacts/2020_raw.xlsx,Table 2 ~ 4,94,CC1=CC(C(F)(F)F)=NN1C1=CC=C(CN2N=CC3=C\N=C(C4=C(N(C)C)N=CN=C4C)/N=C\32)C=C1
,usp1,usp1.enzyme.ic50,>,0.2,uM,2020,True,data/bronze/artifacts/2020_raw.xlsx,Table 2 ~ 4,95,CN1C=C(C(F)(F)F)N=C1C1=CC=C(CN2N=CC3=C/N=C(C4=C(N5CCC5)N=CN=C4C4CC4)\N=C\32)C=C1
,usp1,usp1.enzyme.ic50,>,0.2,uM,2020,True,data/bronze/artifacts/2020_raw.xlsx,Table 2 ~ 4,96,CC1=CC(C(F)(F)F)=NN1C1=CC=C(CN2N=CC3=C\N=C(C4=C(C#N)N=CC=C4)/N=C\32)C=C1
Example 215,usp1,usp1.enzyme.ic50,,,uM,2020,True,data/bronze/artifacts/2020_raw.xlsx,Table 2 ~ 4,97,COC1=C(C2=NC=C3/N=N\N(CC4=CC=C(C5=NC(C(F)(F)F)=CN5C)C=C4)C3=N2)C(C2CC2)=NC=N1
,usp1,usp1.enzyme.ic50,,,uM,2020,True,data/bronze/artifacts/2020_raw.xlsx,Table 2 ~ 4,98,nan
,usp1,usp1.enzyme.ic50,,,uM,2020,True,data/bronze/artifacts/2020_raw.xlsx,Table 2 ~ 4,99,SMILES
,usp1,usp1.enzyme.ic50,,,uM,2020,True,data/bronze/artifacts/2020_raw.xlsx,Table 2 ~ 4,100,CCN1C=C(C(F)(F)F)N=C1C1=CC=C(CN2N=C(S(C)(=O)=O)C3=C\N=C(C4=C(OC)N=CN=C4C4CC4)/N=C\32)C=C1
Example 190,usp1,usp1.enzyme.ic50,<,0.1,uM,2020,True,data/bronze/artifacts/2020_raw.xlsx,Table 2 ~ 4,101,CCN1C=C(C(F)(F)F)N=C1C1=CC=C(CN2/N=C(/SC)C3=CN=C(C4=C(OC)N=CN=C4C4CC4)N=C32)C=C1
,usp1,usp1.enzyme.ic50,<,0.1,uM,2020,True,data/bronze/artifacts/2020_raw.xlsx,Table 2 ~ 4,102,CCN1C=C(C(F)(F)F)N=C1C1=CC=C(CN2N=C(SCC3=CC=C(OC)C=C3)C3=C/N=C(C4=C(OC)N=CN=C4C4CC4)/N=C\32)C=C1
,usp1,usp1.enzyme.ic50,<,0.1,uM,2020,True,data/bronze/artifacts/2020_raw.xlsx,Table 2 ~ 4,103,COC1=NN([C@@H](C)C2=CC=C(C3=NC(C(F)(F)F)=C(Br)N3C)C=C2)/C2=N\C(C3=C(OC)N=CN=C3C3CC3)=N/C=C\12
,usp1,usp1.enzyme.ic50,<,0.01,uM,2020,True,data/bronze/artifacts/2020_raw.xlsx,Table 2 ~ 4,104,[H]C1=CC2=C\N=C(C3=C(OC)N=CN=C3C3CC3)/N=C\2N1CC1=CC=C(C2=NC(C(F)(F)F)=CN2C(C)C)C=C1
,usp1,usp1.enzyme.ic50,<,0.1,uM,2020,True,data/bronze/artifacts/2020_raw.xlsx,Table 2 ~ 4,105,COCC1=NC2=C/N=C(C3=C(OC)N=CN=C3C3CC3)\N=C\2N1CC1=CC=C(C2=NC(C(F)(F)F)=CN2C(C)C)C=C1
,usp1,usp1.enzyme.ic50,<,0.1,uM,2020,True,data/bronze/artifacts/2020_raw.xlsx,Table 2 ~ 4,106,COC1=C(C2=NC=C3N=C(C(C)C)N(CC4=CC=C(C5=NC(C(F)(F)F)=CN5C(C)C)C=C4)C3=N2)C(C2CC2)=NC=N1
Example 184,usp1,usp1.enzyme.ic50,<,0.1,uM,2020,True,data/bronze/artifacts/2020_raw.xlsx,Table 2 ~ 4,107,CCN1C=C(C(F)(F)F)N=C1C1=CC=C(CN2/N=C(/OC3CCC3)C3=CN=C(C4=C(OC)N=CN=C4C4CC4)N=C32)C=C1
,usp1,usp1.enzyme.ic50,<,0.1,uM,2020,True,data/bronze/artifacts/2020_raw.xlsx,Table 2 ~ 4,108,COC1=C(C2=NC=C3C(=N2)N(CC2=CC=C(C4=CN(C(C)C)C(C(F)(F)F)=N4)C=C2)/N=C\3OC)C(C2CC2)=NC=N1
,usp1,usp1.enzyme.ic50,<,0.1,uM,2020,True,data/bronze/artifacts/2020_raw.xlsx,Table 2 ~ 4,109,CCC1=NC2=C\N=C(C3=C(OC)N=CN=C3C3CC3)/N=C\2N1CC1=CC=C(C2=NC(C(F)(F)F)=CN2C(C)C)C=C1
,usp1,usp1.enzyme.ic50,<,0.1,uM,2020,True,data/bronze/artifacts/2020_raw.xlsx,Table 2 ~ 4,110,COC1=C(C2=NC=C3C(=N2)N([C@@H](C)C2=CC=C(C4=NC(C(F)(F)F)=CN4CCF)C=C2)/N=C\3OC)C(C2CC2)=NC=N1
,usp1,usp1.enzyme.ic50,<,0.1,uM,2020,True,data/bronze/artifacts/2020_raw.xlsx,Table 2 ~ 4,111,CCN1C=C(C(F)(F)F)N=C1C1=CC=C(CN2/N=C(/N3CCC3)C3=CN=C(C4=C(OC)N=CN=C4C4CC4)N=C32)C=C1
,usp1,usp1.enzyme.ic50,<,0.1,uM,2020,True,data/bronze/artifacts/2020_raw.xlsx,Table 2 ~ 4,112,CCN1C(C2=CC=C(CN3/N=C(/OC)C4=CN=C(C5=C(OC)N=CN=C5C5CC5)N=C43)C=C2)=NC(C(F)(F)F)=C1Br
,usp1,usp1.enzyme.ic50,<,0.1,uM,2020,True,data/bronze/artifacts/2020_raw.xlsx,Table 2 ~ 4,113,COC1=C(C2=NC=C3C(=N2)N(C(C)C2=CC=C(C4=NC(C(F)(F)F)=CN4CCF)C=C2)/N=C\3OC)C(C2CC2)=NC=N1
,usp1,usp1.enzyme.ic50,<,0.1,uM,2020,True,data/bronze/artifacts/2020_raw.xlsx,Table 2 ~ 4,114,CCN1C=C(C(F)(F)F)N=C1C1=CC=C([C@H](C)N2/N=C(/OC)C3=CN=C(C4=C(OC)N=CN=C4C4CC4)N=C32)C=C1
,usp1,usp1.enzyme.ic50,<,0.1,uM,2020,True,data/bronze/artifacts/2020_raw.xlsx,Table 2 ~ 4,115,COC1=C(C2=NC=C3C(=N2)N([C@@H](C)C2=CC=C(C4=NC(C(F)(F)F)=CN4C(C)C)C=C2)/N=C\3OC)C(C2CC2)=NC=N1
,usp1,usp1.enzyme.ic50,<,0.1,uM,2020,True,data/bronze/artifacts/2020_raw.xlsx,Table 2 ~ 4,116,CCOC1=NN(CC2=CC=C(C3=NC(C(F)(F)F)=CN3CC)C=C2)/C2=N/C(C3=C(OCC)N=CN=C3C3CC3)=N/C=C\12
,usp1,usp1.enzyme.ic50,<,0.1,uM,2020,True,data/bronze/artifacts/2020_raw.xlsx,Table 2 ~ 4,117,CCO/C1=N/N(CC2=CC=C(C3=NC(C(F)(F)F)=CN3CC)C=C2)C2=NC(C3=C(OC)N=CN=C3C3CC3)=NC=C21
Example 175,usp1,usp1.enzyme.ic50,<,0.1,uM,2020,True,data/bronze/artifacts/2020_raw.xlsx,Table 2 ~ 4,118,CCN1C=C(C(F)(F)F)N=C1C1=CC=C(CN2/N=C(/OC)C3=CN=C(C4=C(OC)N=CN=C4C4CC4)N=C32)C=C1F
,usp1,usp1.enzyme.ic50,<,0.1,uM,2020,True,data/bronze/artifacts/2020_raw.xlsx,Table 2 ~ 4,119,COC1=C(C2=N/C=C3\N=CN(CC4=CC=C(C5=NC(C(F)(F)F)=CN5C(C)C)C=C4)\C3=N\2)C(C2CC2)=NC=N1
,usp1,usp1.enzyme.ic50,<,0.1,uM,2020,True,data/bronze/artifacts/2020_raw.xlsx,Table 2 ~ 4,120,CCN1C=C(C(F)(F)F)N=C1C1=CC=C(CN2/N=C(/OC)C3=CN=C(C4=C(OC)N=CN=C4C4CC4)N=C32)C=C1
,usp1,usp1.enzyme.ic50,<,0.1,uM,2020,True,data/bronze/artifacts/2020_raw.xlsx,Table 2 ~ 4,121,CCN1C=C(C(F)(F)F)N=C1C1=CC=C(CN2/N=C(/OC)C3=CN=C(C4=C(OC)N=CN=C4C4CC4)N=C32)C=C1
,usp1,usp1.enzyme.ic50,<,0.2,uM,2020,True,data/bronze/artifacts/2020_raw.xlsx,Table 2 ~ 4,122,COC1=C(C2=N/C=C3/N=C(C)N(CC4=CC=C(C5=NC(C(F)(F)F)=CN5C)C=C4)/C3=N\2)C(C2CC2)=NC=N1
,usp1,usp1.enzyme.ic50,<,0.1,uM,2020,True,data/bronze/artifacts/2020_raw.xlsx,Table 2 ~ 4,123,COC1=C(C2=NC=C3/N=C(/C4CC4)N(CC4=CC=C(N5N=C(C(F)(F)F)C=C5C)C=C4)C3=N2)C(C2CC2)=NC=N1
,usp1,usp1.enzyme.ic50,<,0.1,uM,2020,True,data/bronze/artifacts/2020_raw.xlsx,Table 2 ~ 4,124,COC1=C(C2=NC=C3/N=C(/C4CCC4)N(CC4=CC=C(N5N=C(C(F)(F)F)C=C5C)C=C4)C3=N2)C(C2CC2)=NC=N1
,usp1,usp1.enzyme.ic50,<,0.2,uM,2020,True,data/bronze/artifacts/2020_raw.xlsx,Table 2 ~ 4,125,COC1=C(C2=N/C=C3/N=C(C(C)C)N(CC4=CC=C(N5N=C(C(F)(F)F)C=C5C)C=C4)/C3=N\2)C(C2CC2)=NC=N1
,usp1,usp1.enzyme.ic50,<,0.1,uM,2020,True,data/bronze/artifacts/2020_raw.xlsx,Table 2 ~ 4,126,CCC1=NC2=C/N=C(C3=C(OC)N=CN=C3C3CC3)\N=C\2N1CC1=CC=C(N2N=C(C(F)(F)F)C=C2C)C=C1
,usp1,usp1.enzyme.ic50,<,0.1,uM,2020,True,data/bronze/artifacts/2020_raw.xlsx,Table 2 ~ 4,127,COC1=C(C2=N/C=C3/C=CN(CC4=CC=C(C5=NC(C(F)(F)F)=CN5C)C=C4)/C3=N\2)C(C2CC2)=NC=N1
,usp1,usp1.enzyme.ic50,<,0.1,uM,2020,True,data/bronze/artifacts/2020_raw.xlsx,Table 2 ~ 4,128,COC1=C(C2=N/C=C3/N=C(C)N(CC4=CC=C(N5N=C(C(F)(F)F)C=C5C)C=C4)/C3=N\2)C(C2CC2)=NC=N1
,usp1,usp1.enzyme.ic50,<,0.1,uM,2020,True,data/bronze/artifacts/2020_raw.xlsx,Table 2 ~ 4,129,COC1=C(C2=N/C=C3/N=NN(CC4=CC=C(C5=NC(C(F)(F)F)=CN5C)C=C4)/C3=N\2)C(C2CC2)=NC=N1
,usp1,usp1.enzyme.ic50,>,0.2,uM,2020,True,data/bronze/artifacts/2020_raw.xlsx,Table 2 ~ 4,130,COC1=C(C2=N/C=C3\N=CN(CC4=CC=C(N5N=C(C(F)(F)F)C=C5C)C=C4)\C3=N\2)C(C)=NC=N1
,usp1,usp1.enzyme.ic50,<,0.2,uM,2020,True,data/bronze/artifacts/2020_raw.xlsx,Table 2 ~ 4,131,COC1=C(C2=N/C=C3/N=CN(CC4=CC=C(N5N=C(C(F)(F)F)C=C5C)C=C4)/C3=N\2)C(C2CC2)=NC=N1
,usp1,usp1.enzyme.ic50,<,0.2,uM,2020,True,data/bronze/artifacts/2020_raw.xlsx,Table 2 ~ 4,132,COC1=C(C2=N/C=C3/N=CN(CC4=CC=C(C5=NC(C(F)(F)F)=CN5C)C=C4)/C3=N\2)C(C2CC2)=NC=N1
,usp1,usp1.enzyme.ic50,<,0.1,uM,2020,True,data/bronze/artifacts/2020_raw.xlsx,Table 2 ~ 4,133,CC(C)C1=C(C2=N/C=C3/N=CN(CC4=CC=C(C5=NC(C(F)(F)F)=CN5C)C=C4)/C3=N\2)C=CC=C1
